50001421,한솔일렉트로닉스 한솔 HSW-7720KR,https://shopping-phinf.pstatic.net/main_2270670/22706701657.20200508181756.jpg?type=f140,22706701657,https://adcr.naver.com/adcr?x=F5m3BaTZY+3/tIppmi5Rj////w==kkZiLOtg4P70ucEdtxZc+JzeKiNim9hytil/N8hJGYwWoGrL2U3X8NxJGll9Dlfv1kS/ft/fbc+1D+GhM9zHQdpc1f6AmQqhHabnKYHlhWWiyWVtQvHwpqVRiDaFF3NSLSgp/GAryDBzwckEaKZduraAA50uRchnqrX91z0s/7beCY5dPjF6w3VJyiFUZdjXCDJUEp36arv0YT6OMcJC60NeugBYW03hHEfEBtcaiHX6MY3QyYbujy1xBeUU7hHrkmMZdrDJD1iI5hn3OettNS2yad1AlwW3SFECF7EWTv5oLf7y6ZlWhgA7qTJqX4PBarykEacRxEiLhDr+jVbY4enGGX4A/KAL8uj/XCZ8kWhD2Cc994nD449XG10YMI9Y35yzHDbkR/jDtQaDDB5x75/VUVdKeDw1wSkaHiVLE7imIXUTFhtaN9HvARAq96y+kEv8oObkKleHpoS12f5taoB6aC1WU/tWVtToacui+gW36zKv4ROJLVw74Lsx8mriVah4JcWbysJDkURwPzTBhVZwjqbWjmjnd7qcs+/CSAXo/I0R5PjDLHdWG3vYlDkPPSH//h+KjxJtYpVfpuD+Wfc5+lnGce09O0xrgulxzAF51VvPFNbpJwH42OIYD8IAkYhKBxseFrD3bhG2FDqMyCKL8kHulj5TzUtrfHtU3vY0IaazO9rseFwcmwSds5V3tA8yCizUOHj4HraG3exse0Ox//OGfsHs6wvJoqlET/xxN3+B9I0QsC6krkdGTBMLNbAZ4O3zqFokxzzWmpp2rOCHxMCx+diwXgA1URAusAo4GnO39Ol0W0R0rlJ+0fEDsS9WhdT5gdANoFYpI52OdF01y5YXFqmL+5CGYdEzR+ePTvB7JqeHY29dgznBwqcYzMgyYU8i6z+jfV8rVURj6vA==,{'출시년도 ': ' 2020년', '냉방면적 ': ' 18.7㎡', '냉방능력 ': ' 2,257W', '소비전력 ': ' 0.66kW', '운전모드 ': ' 예약, 취침, 온도조절', '풍량조절 ': ' 3단조절', '냉방 ': ' 송풍, 자동, 냉방', '부가기능 ': ' 리모컨, R410A냉매, 정전보상, 잠금기능, 응축수자연배수, 자가증발시스템', '안전장치 ': ' 만수감지, 과부하방지', '제습 ': ' 가능', '에어컨청소 ': ' 자동건조', '필터청소 ': ' 물세척관리', '토출구 ': ' 상하좌우', '디스플레이 ': ' LCD디스플레이', '품목 ': ' 창문형에어컨'}
50001421,삼성전자 무풍갤러리 AF17TX773FZRS,https://shopping-phinf.pstatic.net/main_2309576/23095767490.20200610101850.jpg?type=f140,23095767490,https://adcr.naver.com/adcr?x=oZRG02l8rD3XhcFk8JcoW////w==kmaNla2/m8++xiZaM8p5wtKzIUTnRQh4bWMn0LSJV4A2PQM+Mc4odVvu2H2OU50hFbXnMxBQMxR3oW7kVVUay82Wf4g3Qcz0GdD2zSWvpOCVZjsgm8OlHJSRgq75h5Dvsw1ZLctB6riH17BzcbMXAlgorVibaJuqoP//wqztez9kyuTL+T0GltkEimgB+W28anMQg6rsFRghvCNu5C3nH4GE8ATgcfwOvP/+qvGKhm7E9EW1JNC01myepW7DutSHWXlDl91CroUuZhqBuW/2v+IMd8d3Yk2Bi26wUn6pAZ5vx+dOkSmj2amf1cBjBhWLJAtU7cQnacmT6knztmLKXnWS4QLvD/MeMylm3UhnPYJD5x9L7HcmSjD51HXmGO39wsLvopizlZfxAlEj74ODFNwfnN3NIRe1fj0AJs8nSURtA/6fWzuGc499AlYsRFS0KLE+BusI/PWO6e3uXYz4VaPWa2zm1UAQ5SXTIzV8eSLBwgQVm/mX1nZ3nRzA9KRVCpwvjcfxkvYS+SplgSkJfel0qlPu+zaFJiDzmLnJ0vrmPJh1kaBJF63cMaSuMW9CjXrSgPY9SOQnxE1FvgExNcqCcxLS/XweoJryisQKrn9M82JmFZUACNfqSjc1mxbBLXoUGEi5Mv0nVukJ5uc45B7Nwn2jcrzh7vIcyeUKKl8Q+VCGB2b2LOr9hVPEyPzQL4vxq7rGMTEcla60vTMt2oYnMZkdF7hr0K7/F0Quyr7spL7zKp8j8ScfogLCA0gLUT/k7fBR19IReCiarh6bov7jFkLe1cBc4+u4GDiulLnI4dFtp4tAI5RflphBZ5QJaTfEb5WIf+dC15bPiJyxhhBc9Hv2EmpwLgeEF8gBgjHKi86MQAcljkjhh/tG3r9m6,{'출시년도 ': ' 2020년', '에너지효율 ': ' 4등급', '냉방면적 ': ' 56.9㎡+18.7㎡', '냉방능력 ': ' 7000w', '인버터 ': ' 초절전디지털인버터', '소비전력 ': ' 2.05kW', '사용량표시 ': ' 1회사용전력량, 목표전력량설정', '운전모드 ': ' 예약, 열대야쾌면, 정음, 무풍열대야쾌면', '바람방향 ': ' 상하, 좌우', '풍량조절 ': ' 가능', '냉방 ': ' 강력냉방, 냉방, 인공지능, 풍량조절, 와이드바람, 무풍냉방, 서큘레이터냉방', '스마트기능 ': ' 음성인식, Wi-Fi 내장, 본체음성인식, 스마트폰제어, 음성인식리모컨, 인공지능리모컨', '인공지능 ': ' 쾌적', '부가기능 ': ' 리모컨, wifi내장', '공기청정 ': ' 무풍청정', '제습 ': ' 무풍', '습도 ': ' 습도센서', '절전 ': ' 초절전', '에어컨청소 ': ' 자동청소건조, 이지케어 3단계', '필터청소 ': ' 필터청소알림, 필터청소가이드', '멀티스타일 ': ' 2in1', '품목 ': ' 멀티형에어컨(2in1)'}
50001421,한일전기 AIW-2500,https://shopping-phinf.pstatic.net/main_2646345/26463458522.20210324141300.jpg?type=f140,26463458522,https://adcr.naver.com/adcr?x=/1Ro42L7vrmUTDPb29qryP///w==kPV9Hy3zgJyp654TLaao7o4pB9YqDYGwL4dKK3jGm0thjtBtB4OAhKfFGJMrQ3woVFWUJ1Np1B3M/bq8rgocqUsgbJrN9TLkqPnCn/wTliOVdabVWLzvKjX6OOAgeskdUpz7zAsjjdZ2OqtHzYoqodZRQKawGAUiuLo3Cod3Txt0f/Ww9GsNEWSj+2u/aEsQLsGpYM3z2Qt3VQAo0q3tcY+MscyP7wgZA0K7MMOjEXxr+7nXSmznyNqRFdmhXagzI/QIhOGh7e6IBYNUHtBWJrcFJ+kz2kWrcD4chEERjMgo4idD7/35X9V2YvIrJOYBMtCsk+/p+ZwNQnhUdOAjpa7YiiB1DpuTuZ5qc9h2gVNbMOqrLdl0s+M52iebH6FIDzd3llhMJ1/WMa0b/0H1gBxRs636KcikP6aT6Va7jOEzPU8kCgpn4igedYuzDfU2AvN1DmeTWFd/51AipHNKZfwRLfogXNyM2PHVJVDjFi0y28SlpZfRE+ROplhmKpLcErBBpzUQuGt/AnsTquFlOZ6Ad3i+SsSOYQh0v5yDAMRGscOWMD6aQ3g1uZ6C/Hu7A/SHbHjYGXgBDxVUdurSY2iVMAskReWHr60tLWfBiuHzzCharA/fUo17yfchVLtAMGXixdG6wpEhSr41HxvW9/Mz/vYKmLZF+lnCamPjpBLMmo3wtIMwCdhqo5YTE5QlfPA1b+qqU9lxkLR0tpEVfToV+byRLMRw1niZmTMS9NMCt0D++NR312fbkycVabBHLCKRIb1TESn4SWMaSOzv8DktCSzuMfB8z9GVJh7lWy5+V5mRr9QanyFwLHSaPBOnsF1sL379nTFfHvdQPZkDewd9tkYQR6LcErG0wNudSLi/1NUc+hZzbw9+0Ij2KLgP9,{'에너지효율 ': ' 1등급', '냉방능력 ': ' 2400W', '인버터 ': ' 디지털인버터', '소비전력 ': ' 0.89kW', '운전모드 ': ' 예약, 타이머, 온도조절', '바람방향 ': ' 좌우', '자동풍향 ': ' 좌우바람', '풍량조절 ': ' 가능', '냉방 ': ' 송풍, 자동, 바람온도조절, 냉방, 풍량조절', '부가기능 ': ' 리모컨', '제습 ': ' 가능', '절전 ': ' 초절전', '토출구 ': ' 바람문조절', '품목 ': ' 창문형에어컨'}
50001421,LG전자 휘센 SQ06B8PWDS,https://shopping-phinf.pstatic.net/main_1454028/14540284121.20180615101118.jpg?type=f140,14540284121,https://cr.shopping.naver.com/adcr.nhn?x=sPumB5tPh2Zr0gKQ4s1%2Br%2F%2F%2F%2Fw%3D%3Ds5CC799IGEFCnPA66315qiuo6MHPrD8cypSArHKq5tIeNT%2FOm6MZCCyuZ8Dae0gDmLAJfeim%2BzG252qefuA61NOxc2Zi97mv%2F%2BwhGEH3u92EBYxJm5UOvPluOy%2B6%2BcVePRsCh5GS%2BklokEzA%2FJ0VszxCGSQdcrj%2BZJHLmJxgT%2FbvlIaA8sTr5Egme7hYXuhOUg5gUhzkosdwRTQKjYtEMMzNlPg2DZ5aJ4gUaYtQeUr5VXemfpmeX70wC2wQT5nyi5pxiwDZPU40LYzhHX%2FcRv4WH3xKQx0c7NXFlC%2B7Tq8k0HperBBimIvZffbq32zZEOZ8jgNJ7sNnyOMu76N9PlTpFabXkOzQnwJtHWv8b5czRM0wLkmj%2BgIIRCjgPu5xo1UZ6%2B01AnD%2BPcfEOz1T1QsxfqVro%2FUzEcV4bmpvjvlvBBaMIkcammGy9AF8TdZtGoUJkEzuiAjsOlCGqjooyg4ECg4s26r9QCRqFpEKy2dMAWNmn7fjZ%2BNSQyOdgctwX0WUOxhz1Jy9%2FguHlhQpy82hopkeKUdu5q4dSKA0zkoA%3D&nvMid=14540284121&catId=50002522,{'출시년도 ': ' 2018년', '에너지효율 ': ' 4등급', '냉방면적 ': ' 18.7㎡', '냉방능력 ': ' 2,300W', '인버터 ': ' 절전인버터', '소비전력 ': ' 0.74kW', '운전모드 ': ' 예약, 절전, 열대야', '바람방향 ': ' 직접/간접바람', '스마트기능 ': ' 스마트진단', '부가기능 ': ' 정전보상', '공기청정 ': ' 극세필터', '제습 ': ' 강력제습', '에어컨청소 ': ' 자동건조', '디스플레이 ': ' LED디스플레이', '품목 ': ' 벽걸이형에어컨'}
50001421,캐리어 CSF-A062CS,https://shopping-phinf.pstatic.net/main_2234781/22347814737.20200331164244.jpg?type=f140,22347814737,https://cr.shopping.naver.com/adcr.nhn?x=ouh2dljsD3k5b0mtaWaPlP%2F%2F%2Fw%3D%3DsoCJYZHuo51ERkEwikg172tb%2BUBD7hg4vM7QbwsigbUID7EQUyFQyYhUMxrRV52FzalwgkYUP5G45omvnitOs%2BSLks7ND2kEnu%2BTo9%2BToSvmON%2F9iXEO%2B8X8aBQcC4f42HinNrx5sg4hc%2Bs%2BwYZL3l6Tq%2FbD2MGowZHhNOyBhpCdQQjF3Rmd4vfLOTpug2ux2bndzivbkx3FmYGid7FR5vMrJfwCQLr0%2Fo3dncaLn85vL%2Fowdnq7%2Fmfq67OVRzok0S5SJNLgIdS1XFCtZ5GETGF9t5Ac9rrMXU4XyGRtKVcveifSJjII%2BKsW87VEKZiXqVHyVCE5ZeXWa7A2BTdVCE9PoC%2BRkr1SEbO93iRxXn2lQCtV2yFc0AQtY7eydVZx0RYgXT8U0rr2Dm%2BuxQGAQBrDtWpAK1d2xy7a64nwFsDVdR5Uq9iJ%2FI%2F7Y02uckc4ADK27%2B5iQKWy%2FMqivKpfjMuV%2F2gizYbovmouqSVQE2Xn3JrM3UKOww1z%2B3mBnyrPnnaBOtnKE5DUDKSPphthjRMcgIRCk8vtGb7Z%2FKGMSEdE%3D&nvMid=22347814737&catId=50002522,{'출시년도 ': ' 2020년', '에너지효율 ': ' 5등급', '냉방면적 ': ' 18.7㎡', '냉방능력 ': ' 2,300W', '소비전력 ': ' 0.65kWkW', '운전모드 ': ' 응급, 정음', '풍량조절 ': ' 가능', '냉방 ': ' 송풍', '부가기능 ': ' 리모컨, 자가진단', '공기청정 ': ' 항균필터', '제습 ': ' 가능', '품목 ': ' 벽걸이형에어컨'}
50001421,삼성전자 AF16M6476LZR,https://shopping-phinf.pstatic.net/main_1971957/19719574972.20200827121903.jpg?type=f140,19719574972,https://cr.shopping.naver.com/adcr.nhn?x=N%2FA2fogISioiDpH0flWRZf%2F%2F%2Fw%3D%3DsgirZoYuuC69EJRpEawF3G4ZpUZyB4344x2AyzmqGr9dyB%2BWjdhZMgFRqCg76jYbq%2BdYYwQnQpx2YMhkxgmKD4SLks7ND2kEnu%2BTo9%2BToSvmON%2F9iXEO%2B8X8aBQcC4f42HinNrx5sg4hc%2Bs%2BwYZL3l6Tq%2FbD2MGowZHhNOyBhpCeh2uAHD%2F11KFJhnH0B5qYoMwWULvJ1yurFOTa1RYE7R8rJfwCQLr0%2Fo3dncaLn85vL%2Fowdnq7%2Fmfq67OVRzok0S5SJNLgIdS1XFCtZ5GETGGRjJGWFrNQTc1H0fdjTLmOyoZqszE%2FCf2uy4rjnZjLxVHyVCE5ZeXWa7A2BTdVCE0fsihHs3ZFadPvOVvJ12RvpjyWSA9YQ5soSK27%2FEtweRYgXT8U0rr2Dm%2BuxQGAQBgbkAXosKcnEjqt%2BV4sGMVfmCn7qH8D5T6ZB8rfWSmcV3JNMf8nElj1Q6mBsBzfLINlG5wiPEFNkR2%2FZkVXU%2BJG%2FhgaMkJIhbUi8HFdPXAb3k9R84rt1YNh8oihJWVYhBgN%2BQsjK6V0FLd%2Fybx7qcubNSE3OzZUT76KyqzckASmm&nvMid=19719574972&catId=50002523,{'출시년도 ': ' 2019년', '에너지효율 ': ' 4등급', '냉방면적 ': ' 52.8㎡+18.7㎡', '냉방능력 ': ' 6,500W', '인버터 ': ' 초절전디지털인버터', '소비전력 ': ' 1.88kW', '사용량표시 ': ' 누적사용전력량, 목표전력량설정', '운전모드 ': ' 예약, 스피드, 열대야, 열대야쾌면, 정음', '풍량조절 ': ' 가능', '냉방 ': ' 듀얼컨트롤, 롱파워바람, 파워롱바람, 하이패스회오리(팬2개), 회오리바람, 초강력스윙, 하이패스회오리팬', '스마트기능 ': ' 스마트폰제어(옵션)', '공기청정 ': ' 극세필터', '제습 ': ' 강력,절전', '습도 ': ' 습도센서', '에어컨청소 ': ' 자동청소건조', '토출구 ': ' 바람문조절', '디스플레이 ': ' LED(무청)디스플레이', '품목 ': ' 멀티형에어컨(2in1)'}
50001421,삼성전자 삼성 AR06R1131HZ,https://shopping-phinf.pstatic.net/main_1955270/19552709162.20191025120804.jpg?type=f140,19552709162,https://cr.shopping.naver.com/adcr.nhn?x=EzWCYshMNbZhSYKUtUrHmf%2F%2F%2Fw%3D%3DsojOpMj2lTM3d88rUdjtZBq9YlUtY64S7RbLRTzEkd3TclD1hshFBMHwlEPLZxrrwOeHf%2FKYNr1dPcAiov4qdtOxc2Zi97mv%2F%2BwhGEH3u92EBYxJm5UOvPluOy%2B6%2BcVePRsCh5GS%2BklokEzA%2FJ0VszxCGSQdcrj%2BZJHLmJxgT%2FbsLsCANdb9hIcnWoCplTlcRCZlSWkD9%2Fz1AgJTFbYTQeTNlPg2DZ5aJ4gUaYtQeUr5VXemfpmeX70wC2wQT5nyi5pxiwDZPU40LYzhHX%2FcRvwac3k8hjsNeVN3gvjORWP3%2B3N2kekzHDNOxI1ziuP89OZ8jgNJ7sNnyOMu76N9Ple%2FKHr9PW5YSqEFoQxyM%2BKnkWQbbAIPUOVGVOMmq0fNJ2UgMu%2BPHsGotggkFSTOFLABeUedMS49heI3%2FJhbrCLfvVXP147EVkv34%2BWCJ%2FHNHK2JeyFKEwGfHhbJ6aIiUaZlM8bvx8Z51WMnG6Wu%2BPMgIa8UwDkpiYerDATVwx5Z8CdcaXTGlVtKg9z1A1mb84M2OqH9l6YII5ugOGfB4CYY%3D&nvMid=19552709162&catId=50002522,{'출시년도 ': ' 2019년', '에너지효율 ': ' 5등급', '냉방면적 ': ' 18.7㎡', '냉방능력 ': ' 2,300W', '소비전력 ': ' 0.65kW', '운전모드 ': ' 예약, 스피드, 열대야', '자동풍향 ': ' 상하바람', '풍량조절 ': ' 가능', '제습 ': ' 강력제습', '토출구 ': ' 상하', '디스플레이 ': ' 88LED디스플레이', '품목 ': ' 벽걸이형에어컨'}
50001421,삼성전자 무풍클래식 AF17R7573WZR,https://shopping-phinf.pstatic.net/main_1955264/19552640194.20200219181250.jpg?type=f140,19552640194,https://cr.shopping.naver.com/adcr.nhn?x=0zPhIAxlwUxT%2BgcBRLFNw%2F%2F%2F%2Fw%3D%3DsMzSFyicIjqXYQcBGhqQ2AsIVPjxEKOIqRNrblY1LuF2fD99etvbvvNCZhiNaCJE12%2FLDq0D9B3p0M2UEmpfty%2Bxc2Zi97mv%2F%2BwhGEH3u92EBYxJm5UOvPluOy%2B6%2BcVePRsCh5GS%2BklokEzA%2FJ0VszxCGSQdcrj%2BZJHLmJxgT%2FbufgytVUDp16d3e1DhuDDrhCHs6Td1Jk%2BPwspe2nu50BTNlPg2DZ5aJ4gUaYtQeUr5VXemfpmeX70wC2wQT5nyi5pxiwDZPU40LYzhHX%2FcRv4rSjuiLT5NwfNwi1OMKOW8%2Bwi01Z5Fg5ZD4PblLqtQgOZ8jgNJ7sNnyOMu76N9PlR4lLTnRsI4QpWsOfSvG1s4193y9pkdSBaWFR63BCdcAXjeUNiABheCiBs2a0Vj%2Bkf2ebnYJg3Ve2OSZ7a7AWRADQ8xfa5akbAHxuUqMGS2cqHldyUMAlpkeert4MNeAKyENEMijG96VGoJ2C87CHMLXgRm6FtVNp4jzQOMxnbjid6dd2Kt3vhonrlSbmnXU8uR79U%2F6Az3gE9mQ%2Flgn57E%3D&nvMid=19552640194&catId=50002523,{'출시년도 ': ' 2019년', '에너지효율 ': ' 4등급', '냉방면적 ': ' 56.9㎡+18.7㎡', '냉방능력 ': ' 7000W', '인버터 ': ' 초절전디지털인버터', '소비전력 ': ' 1.9kW', '사용량표시 ': ' 1회사용전력량, 누적사용전력량, 목표전력량설정', '운전모드 ': ' 예약, 스피드, 열대야, 정음, 무풍열대야쾌면', '풍량조절 ': ' 가능', '냉방 ': ' 듀얼컨트롤, 무풍냉방, 포물선회오리바람', '스마트기능 ': ' 스마트인스톨, 스마트폰제어, 음성안내, 인공지능리모컨', '인공지능 ': ' 쾌적', '공기청정 ': ' 극세필터', '제습 ': ' 무풍', '습도 ': ' 습도센서', '에어컨청소 ': ' 자동청소건조', '필터청소 ': ' 필터청소알림, 필터청소가이드', '디스플레이 ': ' LED디스플레이', '품목 ': ' 멀티형에어컨(2in1)'}
50001421,삼성전자 삼성 AF16M6476LZK,https://shopping-phinf.pstatic.net/main_1937844/19378441534.20200603130414.jpg?type=f140,19378441534,https://cr.shopping.naver.com/adcr.nhn?x=MulFlpcGgPMZmsbIYIEjJv%2F%2F%2Fw%3D%3Dse8C1Q%2B1pwxAIGjMZnjfG1ubqcWKjkuUcN%2FverWEKm%2FRedAimpKLWHD61UGEX9mdGf5lgTJhI%2Bqf52%2BclFCHvERtPunYPWGnsbqsPkCeLbE9JjZd83vAlnHJ4HtBZJWyU2h%2FqNbmMd3P9tE5jamCbKQuIB8ncdehaYvLTVmrbJlEUN9BSeg3M413bZ%2B4BNL5571g7r3ixvUJoTEXGRBPTfDPDpGIrabitp2up06DaRfi54J8UO7LDGXdPU9Do8oyMQnQVV1hBbjmfKy8hwM3DJb7Owg89QLC897le6ep3DCsxi1OrPZ30CUsHWrlC3gXsRNrllR5RyEH7Mcwv2pj6uNJz0%2BtRJIB48MHW9DZTg00ulMSXmodDptJZCDmbU%2FWSOQ3pRrJ1hzDPLZP4zEybZecSls%2Bp2seovi8sSu9%2Fk%2BEH2eDbnqNRBMaAM0cSMPLrXGn%2BMEYzSQinYApZRYg2h1DAJdljz6kJQzaCgv1e8VCva61%2FIDhLppOu4DSg5QQrLqpMIU%2FWQA5SQpWMJ3ugwctVYavx%2B%2B8fWZa9SBc8rqM%3D&nvMid=19378441534&catId=50002521,{'출시년도 ': ' 2019년', '에너지효율 ': ' 4등급', '냉방면적 ': ' 52.8㎡', '냉방능력 ': ' 6,500w', '인버터 ': ' 초절전디지털인버터', '소비전력 ': ' 1.88kW', '사용량표시 ': ' 누적사용전력량, 목표전력량설정', '운전모드 ': ' 예약, 스피드, 열대야쾌면, 정음', '풍량조절 ': ' 가능', '냉방 ': ' 파워롱바람, 하이패스회오리(팬2개), 초강력스윙', '스마트기능 ': ' 스마트폰제어(옵션)', '공기청정 ': ' 극세필터', '제습 ': ' 강력,절전', '습도 ': ' 습도센서', '에어컨청소 ': ' 자동청소건조', '토출구 ': ' 바람문조절', '디스플레이 ': ' LED(무청)디스플레이', '품목 ': ' 스탠드형에어컨'}
50001421,LG전자 휘센 FQ17V9KWC2,https://shopping-phinf.pstatic.net/main_1873167/18731677316.20190416113646.jpg?type=f140,18731677316,https://cr.shopping.naver.com/adcr.nhn?x=lwVBV0uPCyNVIpPXCBqvuP%2F%2F%2Fw%3D%3Ds8kd2kXDT2%2Byt3iraDQDD3RtEvHaRhY%2BxfPKjIQoL11bav36R8aWoNPlJUFYFcyMFgl4vyvz3JJUccf%2BrH0bV8htPunYPWGnsbqsPkCeLbE9JjZd83vAlnHJ4HtBZJWyU2h%2FqNbmMd3P9tE5jamCbKQuIB8ncdehaYvLTVmrbJlEoDkN3q9rQcL6Gc7SqbKCIUKV4bWcdTazNbgwQuPXTbTPDpGIrabitp2up06DaRfi54J8UO7LDGXdPU9Do8oyMQnQVV1hBbjmfKy8hwM3DJXi65Ay4azVFU4YFjTyvTf%2BQlKoTW7oBR5S4e5%2FFeRPiOzbX3s4dK%2Bi1Z7oJHrb0VAhkFzd2cOnYUNXtIcmPoyQulMSXmodDptJZCDmbU%2FWSI%2FjNfe5PWij4mdAy33nq4j8ZMxNHFOXOBXvnPZVJQ%2BJBYwVPJUKS8Jrf%2B%2B0EZvhGgj5M6jZtWkZaZUmWtbV3IV7mobsO63RkFmxLCcYYDJ3XAM8mpkOVdLokdYbQXAMuuocAFde0tKuESOyU2Fj8P4VsN%2FiAcjmtIwlTUFZwg6A%3D&nvMid=18731677316&catId=50002523,{'출시년도 ': ' 2019년', '에너지효율 ': ' 4등급', '냉방면적 ': ' 56.9㎡+22.8㎡', '냉방능력 ': ' 7,000W', '인버터 ': ' 듀얼인버터 마이크로제어', '소비전력 ': ' 2.03kW', '사용량표시 ': ' 전력량', '운전모드 ': ' 예약, 절전, 열대야, 스마트케어', '냉방 ': ' 아이스쿨파워, 포커스바람, 2X쿨링시스템(팬2개)', '스마트기능 ': ' Wi-Fi 내장, 스마트진단, 스마트폰제어', '부가기능 ': ' 자가진단, wifi내장', '공기청정 ': ' 극세필터', '제습 ': ' 강력,절전', '습도 ': ' 습도센서', '에어컨청소 ': ' 자동건조', '멀티스타일 ': ' 2in1', '디스플레이 ': ' LED디스플레이', '품목 ': ' 멀티형에어컨(2in1)'}
50001421,한일전기 AIW-2500,https://shopping-phinf.pstatic.net/main_2646345/26463458522.20210324141300.jpg?type=f140,26463458522,https://cr.shopping.naver.com/adcr.nhn?x=8OTZ6sT3iRdZzQDp5Sih5P%2F%2F%2Fw%3D%3DsOFEYmP1Xp92yfRShHdpOxCXzSDF%2F3yTmKF6jqIFjwBuebfZ%2B4nN%2Bzkp2h%2FwBFcZwPFey6BRX2vJFrH%2B9WmZOnRtPunYPWGnsbqsPkCeLbE9JjZd83vAlnHJ4HtBZJWyU2h%2FqNbmMd3P9tE5jamCbKQuIB8ncdehaYvLTVmrbJlE1x0Ko3C3aRB0rIfnNt9k%2BVErNjX%2Fm9b2BrD2Svw5ZkTPDpGIrabitp2up06DaRfi54J8UO7LDGXdPU9Do8oyMQnQVV1hBbjmfKy8hwM3DJU4ivGftcGj1MB76kupZBR1oKCCrHNKTQTNT32sYCXsdbiaMaHmzyItIaGmFNPGqzQy2qBEAwtvQd191eM6H4LsulMSXmodDptJZCDmbU%2FWSLoViY0usKZpoJ1FhbR5jNcb9riMroX6WYIQR3f8myKz3wghp%2FL0DAVjdLffyONjG8LPEV4F4mGzbxY8UG327chDp0qygexqrYKiiRBxMs5aewcqqY0M2QRMPAUF1UeG0Dwzpe1C7d5WzZEn5TS%2FP1h0cjwVm1BUYVknE7IEMpz4%3D&nvMid=26463458522&catId=50002524,{'에너지효율 ': ' 1등급', '냉방능력 ': ' 2400W', '인버터 ': ' 디지털인버터', '소비전력 ': ' 0.89kW', '운전모드 ': ' 예약, 타이머, 온도조절', '바람방향 ': ' 좌우', '자동풍향 ': ' 좌우바람', '풍량조절 ': ' 가능', '냉방 ': ' 송풍, 자동, 바람온도조절, 냉방, 풍량조절', '부가기능 ': ' 리모컨', '제습 ': ' 가능', '절전 ': ' 초절전', '토출구 ': ' 바람문조절', '품목 ': ' 창문형에어컨'}
50001421,에코하임 AS-600PA,https://shopping-phinf.pstatic.net/main_2608660/26086601523.20210222112331.jpg?type=f140,26086601523,https://cr.shopping.naver.com/adcr.nhn?x=hggnY3ncoXAs6AxRaygYRP%2F%2F%2Fw%3D%3DstNllau%2F2gaoxiFUxJOLWqXf7o9%2FaCuxmMgl5MRrE%2Fql2yNgguzrQPBQEJdRsQjFivCtA75VUW9W8Kg1AeWNO7uxc2Zi97mv%2F%2BwhGEH3u92EBYxJm5UOvPluOy%2B6%2BcVePRsCh5GS%2BklokEzA%2FJ0VszxCGSQdcrj%2BZJHLmJxgT%2Fbs0RWj615s%2F1n7KGeS1cE9RJkOsHAxyXkuvVlLGXV0vujNlPg2DZ5aJ4gUaYtQeUr5VXemfpmeX70wC2wQT5nyi5pxiwDZPU40LYzhHX%2FcRv61nvapsxxntzY0hFioaNUm%2FnrNeVRiGgm7us6pTZShQOZ8jgNJ7sNnyOMu76N9PldzdwMafx7goXKG1%2FAHWM2a%2FKJFp1xg9r2urWSN2TEOeaQVzgw%2BP0bajb8PHDNggkolsUNDCPW58hwQBSVqstu2G9gdT7ZNBe5uMkIZ07GTn3f%2BkKYK53wBFS1Bvqr0YU1DAJdljz6kJQzaCgv1e8VCU7rwdvPASdIlRcqsTF3GVqnAhT%2FKOcd5sVu7aPQ%2FT%2F4VsN%2FiAcjmtIwlTUFZwg6A%3D&nvMid=26086601523&catId=50002527,{'냉방면적 ': ' 52㎡', '냉방능력 ': ' 6,105W', '소비전력 ': ' 2.1kW', '부가기능 ': ' 자가진단, R410A냉매, 희망온도표시, 배기팬', '안전장치 ': ' 고압차단, 만수감지, 압축기보호'}
50001421,에코하임 as-400pa,https://shopping-phinf.pstatic.net/main_2608590/26085901525.20210222112806.jpg?type=f140,26085901525,https://cr.shopping.naver.com/adcr.nhn?x=GZ%2Ba3vs2W10Dy0BBmTNNyP%2F%2F%2Fw%3D%3Ds0gHNKqbFW95lQWYSNnI8t56t4Mv%2Bdrg50KOBA%2FpZom00Il2PIS4V48%2Bckj7kPi7L1AAAqGvtG1Ko9ttW6rE7Cexc2Zi97mv%2F%2BwhGEH3u92EBYxJm5UOvPluOy%2B6%2BcVePRsCh5GS%2BklokEzA%2FJ0VszxCGSQdcrj%2BZJHLmJxgT%2Fbv0wXhvBV85Q%2BFYkW3T%2BsMZBVjIEQsUXdQMHK4SHwgXuDNlPg2DZ5aJ4gUaYtQeUr5VXemfpmeX70wC2wQT5nyi5pxiwDZPU40LYzhHX%2FcRvxuGfXpdzRB40IXvnRh%2FqPDbebLvlkzi3pNASpBAWyypOZ8jgNJ7sNnyOMu76N9PlePpiL5kNcm936YE83Cje7iHKzPy2BpmDRUpAGTnoI2lfaYhPJQ3keEhXSQphRaj0NOD7endclKa2EBVQAaNF2mG9gdT7ZNBe5uMkIZ07GTn2sNNacw6TzHdd7P6ntVzM1DAJdljz6kJQzaCgv1e8VBgd%2B0cffCdSgaFgGBlnyru%2Fi0exIk2u2kyTEm8KxRQ3WhopkeKUdu5q4dSKA0zkoA%3D&nvMid=26085901525&catId=50002527,{'냉방면적 ': ' 32.5㎡', '냉방능력 ': ' 4,150W', '소비전력 ': ' 1.6kW', '부가기능 ': ' 자가진단, R410A냉매, 희망온도표시, 이동바퀴, 배기팬', '안전장치 ': ' 고압차단, 만수감지, 압축기보호'}
50001421,템피아 TWA-7700K,https://shopping-phinf.pstatic.net/main_2274238/22742380367.20200602175646.jpg?type=f140,22742380367,https://adcr.naver.com/adcr?x=rGZujn3K3Ikr1XfUxiDABv///w==kmaNla2/m8++xiZaM8p5wtKKW74vL653ckk6QqUeWMWU8LL67DHiwf9HqtLegUeFomttvjikVTmUcQwqhKa8Jc3oIDBZj0JRHEmcNJsx7S3vCBj4qr82cB8+UOJs9QAdX4Sgeublh8Dghi/RaIsPOLV9cxj579lD4wjbzkvYjhswrDvE1CHSYgImON5w6G4C5hfBAxVD7tIBojVtLb4OlG98Pns6QmmLGSQc/qaEag4IHxWai3j9kfuFU5dQxCvJ7YrrYsVw3G6T2fWYloo9E2nbQDHaE08iYsAk8qCvMMp9hQbMcgLqlTv9lSkvXWYHfPEgmQULxlVNoP4h0wfQkAjIwRmh66Jri1ST7Q1/M2WNj74TV1y7gZwe5p/MZ0Bc21YI6KuDjNrHI+Okf8MS6IavscsAmJh0J4aNAseVZm0QZbR2TSbq7+3oPNTujBG6ROkKtfWXTvOj+sBoU8XTUG3+R5KJ8QYj5I9n804hYWDIJpz/F9Kv8ArGJTC6CDOTPJnVcMl+p3WQB4ceBpjAph8TMnSdhLBeo/VTw9Rk+UqSwFZRlxxrLU+ytquamFIPcxRwSmIjQLeFBKC8qieQfKJanP0mVzUJHTzToPC+TKAjCbhKdJpnm/+BVolHktjpyyS1FaTayMP3Cc9Ij5ipwMMnJ4uMuzxYhdj3oPfwaHxvZXhp5XTZb8PzQejmkq7QnPx8R5qPGhU0xxUpm4cUpQ4xLM76sA40CLU0s2zPxIdnMCzM5r5I90PfR2LLwnMKcueefwFk+5xaSlfHSZK1a7BrQVGt0bjR7zZBhNQsTvG9NgWgsGI/G/G4N4Oy3TMOtoPQqQCJ6T6RKPUC+xPRFs4R6ViHqDRi695QgYMtqJ2i22BeDsQ6T0DQ1D0lI8fkS,{'냉방면적 ': ' 19㎡', '냉방능력 ': ' 2257', '소비전력 ': ' 0.66kW', '냉방 ': ' 자동, 파워', '부가기능 ': ' 리모컨'}
50001421,이파람 PW-F12CA,https://shopping-phinf.pstatic.net/main_5760929/5760929188.20210407124037.jpg?type=f140,5760929188,https://adcr.naver.com/adcr?x=+zWNqJ1ypT6vsdhzaPVDmv///w==kEr85T3I81g5z32Gcg7CXDdLMY9c1IO2Duk/naH9j/sRLX2L+j++9XNONEZQUg8aOio5HiBVCtFW7QqRW/TirBVkRYDo+jNEaXCCb2M3LspdWDMI786qKOMdNFhS68HuO/T6KVdrKO+iuK8CtAxUOKHFl0pe1QMq04rrWW8h71gBE0Bzp/N4Hq0/is8sISfTXko+DYNZTlvLScTLRNLNaIAN6sPF5ah9BMHCpZZyQvW+HL3f53h7+pAvKKeAqYZippG8SHyrG3TsYgJKH5p2KsS87b0qN7fb8WS5tHcFKzvfFeCjCJEJHOLG57YlQy+CaRJwLLyJY+Ub1Ur8rs+K5kpZ+hqO2orFYJjTSI+nPh0sz2EhZkuoVOo3bc5mwt77I2VIFhHQAoRDJHOImiE1J+OF6ohR+IkutHZ51GVmHCtIrwmxuuKB1xglUjY1htFxxuztYOe5Zm3yRSEomRHa6IxbzWAL0h6RFpOiWIB0xVbo8ZKO6KRgwhCII/CfjPjTLbsy4k6kEYzDKv3C6gYFOhUjFbRXE+6wwWjQMlDsPFdqru9YbNqcutsl0jfQcvHGLF1oXQcUY1On/58pSC0uXXoPgV2uqk3zIJWY72JCVBCTQo+62usMjFpr8tJedd8Sd+aSuNbRkCVTHEzVSx7BBtom0vIujLWiKrXkCSRMjQBAGNDh0OncQFd2ci2KWOVUmXk26x8jv7dDjzOnsmMZJ7xD62Av4T7ko2yIpxhWevSZqALOpazZuUwl3LwFQyILjQXD2gMuBXLldGf1D5vJ/65XNGWVkGTvkwjEVIlbLxA2M7ZoHdIim/H5C+5B87qRf7fJ565aiF6SxNSqbMJ1+RrTmPy5Y5IIUpOsq4pgA7Co=,{'냉방면적 ': ' 39.6㎡', '냉방능력 ': ' 3,500W', '소비전력 ': ' 1.03kW', '냉각방식 ': ' 수냉식', '부가기능 ': ' 응축수재활용', '공기청정 ': ' 항균필터', '실외기 ': ' 실외기일체', '품목 ': ' 이동식에어컨'}
50001421,신일전자 SMA-PH5300,https://shopping-phinf.pstatic.net/main_1964700/19647008164.20190610103909.jpg?type=f140,19647008164,https://adcr.naver.com/adcr?x=JH19sESjJg0kAacO05aKVf///w==kDys9WKeguaheLC4UGGOXV+xZWeFlf+4q6mBKM824Z+1gBqjXP13l5JnR64eK9BF18k3QVbqrPAj7+n8DoRUiPobtnitEINpxQIshLwK06TknbQ5PELkxgQFqGXLkpqM/Y8+R6XNyQ3CS1EJgSMHmQEjR1QD3k9ocvBF08XMUKgmX/uGN3V3FmPXAOYT9MWIwoV5xvhbBFROYkAgU+W25VBU067bY3yrubad6QU3HzkOvh6wEn1nMygipd7UsZvnvuyMHNUHJLcli/94N3JZN69QpjeWUTKyaLhp2eAnCE6hZwSw1vy2M2KsFihsqrDkzSTy6bW7MXlTllzVl+bJQhtR3LhMANPbzDlIZQi6VzLxg5Imgu1e9W+K9Cd3Xn+WNkOoRYb8NEuP18uYVkBvVm1bM6B5952/XYrLLKQ9sCw4/BXJ0z2voD6Cve1fXgnY/hm8YCI/dhi/um64tFhMjRpkBhhcBcGCMBsEoleTYeG7/HnjBLwGC2gZW48ut1EJxArviZ0UlF6r0KFhaBB5ycBXX0EXXUpYlcEpvrYeQ79dZGcNPjj0CqCYVEKQud94XOliLYIAcpwWpc1fQMknVlus9XxkbVol9BcNX4JQzThvT18AV8dwGSGfrYZ1wVOIDZOMzd0Y9JSf1RA081Sl10lOolSG0yzIkWIQW8ApI8SuRVvQ7qai2a8Ioay6D/YcKa1BcKg5BQ15zAopoibNHGEXvKLW1tr60BjkgfqXodFhWnXjFoZWUn7ysQy2v4yf6Ph8yCUx4DftO2RbIQiWWWaz9TZ1h8Kfi1pZWbLzM/DkD6Sdv8RcqCEb5bNBiUvIP1pelBPSh1m94cmDsMQjB9tMaLUsKFuwdmIiTQGJ5a0NmCYd+bYji4247+f4nCfQ8YM3CyVNxYSzknst6itH9Lw==,{'출시년도 ': ' 2019년', '냉방면적 ': ' 52.8㎡', '냉방능력 ': ' 6,162W', '소비전력 ': ' 2.20kW', '냉방 ': ' 송풍, 파워', '부가기능 ': ' 리모컨, R410A냉매, 이동바퀴, 덕트가능', '공기청정 ': ' 에어필터', '제습 ': ' 가능', '필터청소 ': ' 물세척관리', '실외기 ': ' 실외기일체', '디스플레이 ': ' LED디스플레이', '품목 ': ' 업소용, 이동식에어컨'}
50001421,LG전자 휘센 FQ17V9WWA1,https://shopping-phinf.pstatic.net/main_1924684/19246844570.20200603121549.jpg?type=f140,19246844570,https://cr.shopping.naver.com/adcr.nhn?x=OemzKLkZXnW2t%2BwYJarKov%2F%2F%2Fw%3D%3DsLe%2FfJFSRqEvuIy4Q5bY%2BeFfuAed6K0Xleu66CWZsqNcmrBTkqLM0wyuviWpzjtkeIFVlRXnXfVcmWb3F%2FJ7QZOxc2Zi97mv%2F%2BwhGEH3u92EBYxJm5UOvPluOy%2B6%2BcVePRsCh5GS%2BklokEzA%2FJ0VszxCGSQdcrj%2BZJHLmJxgT%2Fbtlh986LaYWlMaRuYtDAIzL2tMr0fUGrwEU53oYnA2azjNlPg2DZ5aJ4gUaYtQeUr5VXemfpmeX70wC2wQT5nyi5pxiwDZPU40LYzhHX%2FcRvzz6WR10m6hc9wcwbnx4ob2m01gv0FcS1zgNoTqFvOpFOZ8jgNJ7sNnyOMu76N9PlfCSgCyLLsvwk%2BsU2z75f6ikiHuVU0yJAR9W1tTZOUHm7Q6ctrhb3WS41ezjSyJrWFcvd7z5JVrmqVUgBCXE9NbWNaWd0cFggM9WLP2sw%2FmCmNvKJ7Wutfu9HoAy1CnH4oECg4s26r9QCRqFpEKy2dPn15maRgAQ%2F0iWWUl0jsAlvMH8IM6JEDI4EiT2qvEQUM2OqH9l6YII5ugOGfB4CYY%3D&nvMid=19246844570&catId=50002521,{'출시년도 ': ' 2019년', '에너지효율 ': ' 4등급', '냉방면적 ': ' 56.9㎡', '냉방능력 ': ' 7,000W', '인버터 ': ' 듀얼인버터 마이크로제어', '소비전력 ': ' 2.03kW', '사용량표시 ': ' 전력량', '운전모드 ': ' 예약, 절전, 열대야, 스마트케어', '냉방 ': ' 아이스쿨파워, 포커스바람', '스마트기능 ': ' Wi-Fi 내장, 스마트진단, 스마트폰제어', '인공지능 ': ' 상황학습, 패턴학습', '공기청정 ': ' 극세필터', '제습 ': ' 강력,절전', '습도 ': ' 습도센서', '에어컨청소 ': ' 자동건조', '디스플레이 ': ' LED디스플레이', '품목 ': ' 스탠드형에어컨'}
50001421,삼성전자 무풍클래식 AF17T7974WZR,https://shopping-phinf.pstatic.net/main_2243570/22435708648.20200716170447.jpg?type=f140,22435708648,https://cr.shopping.naver.com/adcr.nhn?x=i7zUR9Nmu8imTcwMo6yAev%2F%2F%2Fw%3D%3DsKegIQ2cU%2F0b3PVxyUQZVLzandxQQ234gTzLZyjDlMB%2BuqyC0yFFJTpMrlxLytzpYTytGkPPGg1a4SUNe0H%2BRJyLks7ND2kEnu%2BTo9%2BToSvmON%2F9iXEO%2B8X8aBQcC4f42HinNrx5sg4hc%2Bs%2BwYZL3l6Tq%2FbD2MGowZHhNOyBhpCcMQ2q4m1zhmlq0PzZKM6vpB8awMQICTC9F%2BiFqs7S%2FNcrJfwCQLr0%2Fo3dncaLn85vL%2Fowdnq7%2Fmfq67OVRzok0S5SJNLgIdS1XFCtZ5GETGMvZ9mQo3Fisp9pwtNXOQF99z7AO1Lue53jOzLV65e3jVHyVCE5ZeXWa7A2BTdVCE3%2FGL7N1HcFOQV%2Fgp47QzDaVMu3VMvXkX4%2FRxz%2BIfRusRYgXT8U0rr2Dm%2BuxQGAQBozT88QLCQzgWeA9cVOhxZjmCn7qH8D5T6ZB8rfWSmcVwBBU8RC1sDy7rg27PswsWKclPa5Nwxow9IliXfiD4sm%2FhgaMkJIhbUi8HFdPXAb3Fy9gyJpHSc2JarN4lXuqtW9TZjqEQTAbFzUBl8432wvhVEAf6wwM5tqtSh0bB5Hx&nvMid=22435708648&catId=50002523,{'출시년도 ': ' 2020년', '에너지효율 ': ' 4등급', '냉방면적 ': ' 56.9㎡+18.7㎡', '냉방능력 ': ' 7,000W', '인버터 ': ' 초절전디지털인버터', '소비전력 ': ' 2.05kW', '사용량표시 ': ' 1회사용전력량, 목표전력량설정', '풍량조절 ': ' 가능', '냉방 ': ' 무풍냉방, 회오리바람', '인공지능 ': ' 쾌적, 가능', '제습 ': ' 강력제습', '습도 ': ' 습도센서', '에어컨청소 ': ' 자동청소건조', '필터청소 ': ' 필터청소알림, 필터청소가이드', '토출구 ': ' 상하좌우', '품목 ': ' 멀티형에어컨(2in1)'}
50001421,21센추리 CYW-719AR,https://shopping-phinf.pstatic.net/main_1937504/19375047183.20200519175413.jpg?type=f140,19375047183,https://cr.shopping.naver.com/adcr.nhn?x=bLBehpBW2T3%2BLd9wTCnByP%2F%2F%2Fw%3D%3DsUA3%2FLgUxv2V1ZkSTNdzfL8hvPjvwMuK%2Bj3smaopdHbjS3qRmDrmP7VpA1Br8EYY5m%2FdgNSUVXfZSuKS03wC2kexc2Zi97mv%2F%2BwhGEH3u92EBYxJm5UOvPluOy%2B6%2BcVePRsCh5GS%2BklokEzA%2FJ0VszxCGSQdcrj%2BZJHLmJxgT%2Fbvl4bmqa%2Ff5O8TIAQdoN%2F4Mr2al80SwaMsAMo%2B2d1BjRTNlPg2DZ5aJ4gUaYtQeUr5VXemfpmeX70wC2wQT5nyi5pxiwDZPU40LYzhHX%2FcRv9ddbaA5izISKqi7SDoeOugKfoMcqfmtVbO1HhF%2FiwENOZ8jgNJ7sNnyOMu76N9PlXeJvOY6XdVZQXa%2BKNsC0Ah%2B23V1kBNa5igTuISArbE6SHnErEZHRUjdLr0SB6GTfWNd%2FH71nUInhk02ZNyc6bukoah4deqpU319IU199yt%2F%2FgNGA214IrbLlp%2FjaunKkVDAJdljz6kJQzaCgv1e8VCoYG14LEczjdDm8P6HIjbN7NC0Y7Pvn4eOSnNXaGnknGhopkeKUdu5q4dSKA0zkoA%3D&nvMid=19375047183&catId=50002524,{'출시년도 ': ' 2019년', '냉방면적 ': ' 23㎡', '냉방능력 ': ' 1,750W', '소비전력 ': ' 0.54kW', '운전모드 ': ' 예약, 타이머, 온도조절', '자동풍향 ': ' 좌우바람', '풍량조절 ': ' 3단조절', '냉방 ': ' 송풍, 냉방', '부가기능 ': ' R410A냉매, 자가증발시스템', '공기청정 ': ' 에어필터', '제습 ': ' 가능', '필터청소 ': ' 물세척관리', '소음 ': ' 43~48dB', '토출구 ': ' 좌우', '품목 ': ' 창문형에어컨'}
50001421,캐리어 CSF-A061CS,https://shopping-phinf.pstatic.net/main_1848515/18485154054.20191231163753.jpg?type=f140,18485154054,https://cr.shopping.naver.com/adcr.nhn?x=Me7EXMMbRkBOaPV8YZp5q%2F%2F%2F%2Fw%3D%3DsbCtmfezCpycBhsQ%2Fp71%2FJv%2BX7N%2BbJRqmNPsQKqNnC%2BFmvtd%2F49GokCZOVzqVMyCwtj%2BRDA8ogV5RRtgu2Ut8MBtPunYPWGnsbqsPkCeLbE9JjZd83vAlnHJ4HtBZJWyU2h%2FqNbmMd3P9tE5jamCbKQuIB8ncdehaYvLTVmrbJlFjg2UqFxuYGTz64ZTCHwN671g7r3ixvUJoTEXGRBPTfDPDpGIrabitp2up06DaRfi54J8UO7LDGXdPU9Do8oyMQnQVV1hBbjmfKy8hwM3DJcmeoNi7hH1bRJ2xJrMwsjhoKCCrHNKTQTNT32sYCXsd3Q8sg29Zm2UrEFygprA9VkzJVQm9fSSBPbn0v9tD45AulMSXmodDptJZCDmbU%2FWSsx6NASgZPqoRHRgGiCc17w040OgUWKHI7SHgqrJJ0LiGVKs9wz%2F2m57oxvnR5cxdIxLyPI4iTkkUxC4VUONip%2F53YYN8S%2BbksjndlVSDGyndzTMnJqW7baci0UJhzDy%2BC2pxncH63CWXdI5r%2BkZXJA4SwcLvxUEucVmH%2BcOht40%3D&nvMid=18485154054&catId=50002522,{'출시년도 ': ' 2019년', '냉방면적 ': ' 18.7㎡', '냉방능력 ': ' 2,300W', '소비전력 ': ' 0.67kW', '운전모드 ': ' 응급', '냉방 ': ' 송풍, 자동', '부가기능 ': ' 리모컨, 자가진단, 희망온도표시', '공기청정 ': ' 항균필터', '제습 ': ' 가능', '품목 ': ' 벽걸이형에어컨'}
50001421,LG전자 휘센 FQ18SBNWG2,https://shopping-phinf.pstatic.net/main_2649274/26492740522.20210324100833.jpg?type=f140,26492740522,https://cr.shopping.naver.com/adcr.nhn?x=yAaL%2FtZVYG%2F%2FmTbjLKagP%2F%2F%2F%2Fw%3D%3DsDeZJkzoQpTOwb3EHSZjpaxj%2FpicZ4fszWkkQyH7kntzIrUUxQQadLtmK3KP74lxAx4nPz43U%2F7DXpIwfTptoVRtPunYPWGnsbqsPkCeLbE9JjZd83vAlnHJ4HtBZJWyU2h%2FqNbmMd3P9tE5jamCbKQuIB8ncdehaYvLTVmrbJlFjMw3zsa7lCE54HULRLr5aVErNjX%2Fm9b2BrD2Svw5ZkTPDpGIrabitp2up06DaRfi54J8UO7LDGXdPU9Do8oyMQnQVV1hBbjmfKy8hwM3DJc4pgjcWxFztnolbQS81J5poKCCrHNKTQTNT32sYCXsdOzbX3s4dK%2Bi1Z7oJHrb0VHXZkQVMyjnc6H9C8EQTREculMSXmodDptJZCDmbU%2FWSSLOHxFwylaJLCHnCYx5ejpa0jT83gcHDblz%2BjcEswbp%2FBAOsWN8Eicg7eID2gQVnvA5FfSScIbSZbaclANmwL17mobsO63RkFmxLCcYYDJ2wb1q8szgQCuHDpY%2B24XhoQmfVnPxmRBb2fp%2BL9eeeA8tVYavx%2B%2B8fWZa9SBc8rqM%3D&nvMid=26492740522&catId=50002523,{'출시년도 ': ' 2021년', '에너지효율 ': ' 3등급', '냉방면적 ': ' 58.5㎡+22.8㎡', '냉방능력 ': ' 7,200W', '인버터 ': ' 듀얼인버터 마이크로제어', '소비전력 ': ' 1.88kW', '사용량표시 ': ' 전력량', '운전모드 ': ' 예약, 절전, 열대야, 정음', '풍량조절 ': ' 가능', '냉방 ': ' 아이스쿨파워, 듀얼냉방(파워,맞춤), 간접바람, 와이드바람, 4X냉방(팬4개)', '스마트기능 ': ' 스마트진단, 스마트가이드, 블루투스리모컨', '인공지능 ': ' 상황학습, 패턴학습', '부가기능 ': ' 리모컨', '공기청정 ': ' 집진이오나이저, PM1.0센서, 초미세플러스필터, 극세필터, 스마트공기청정, 공기청정가능', '공기청정인증 ': ' CAC인증', '청정알림 ': ' 공기청정디스플레이', '제습 ': ' 강력제습', '에어컨청소 ': ' 자동건조, UV-LED팬살균', '필터청소 ': ' 필터클린봇', '멀티스타일 ': ' 2in1', '스타일 ': ' 타워', '라이팅 ': ' 무드라이팅', '디스플레이 ': ' LCD디스플레이', '품목 ': ' 멀티형에어컨(2in1)'}
50001421,LG전자 휘센 SQ07B8PWDS,https://shopping-phinf.pstatic.net/main_1787889/17878891519.20190503102622.jpg?type=f140,17878891519,https://cr.shopping.naver.com/adcr.nhn?x=zYDsX0xGNo1MZHXzw2lQAf%2F%2F%2Fw%3D%3DsZAVCJBWFRl3wZuIftF5Z99h94UEIzHte0JEgpeVXxPBA%2BQQNP1j6WkwihCC8ASxYuVmWZbYmKVVx%2BFFDOefPBiLks7ND2kEnu%2BTo9%2BToSvmON%2F9iXEO%2B8X8aBQcC4f42HinNrx5sg4hc%2Bs%2BwYZL3l6Tq%2FbD2MGowZHhNOyBhpCf1aTJSmfg0Ps%2FppKGbRwzw9ySyExE90sEGHqTHRF9tBsrJfwCQLr0%2Fo3dncaLn85vL%2Fowdnq7%2Fmfq67OVRzok0S5SJNLgIdS1XFCtZ5GETGMR%2BUQQqGog%2BD9AxeMcM1yh3tfENiLDa7A3ybsrXMS6wVHyVCE5ZeXWa7A2BTdVCE8QKHUwdxJGwetKWFQq5Fc741%2BaBUtSu4QPfzC81wivvRYgXT8U0rr2Dm%2BuxQGAQBkC9SrQddhoHMKQhjuPEQxRdR5Uq9iJ%2FI%2F7Y02uckc4AdoQAjV4TOJyW12UaCbZLouhKE34K%2B50FStxFsvbaVJ%2FbQO7D6PT6UfUHkhyCcUIcTkhpDYWiV%2BrWGIgMNBe59VdznR4EhPC6BI08fc6TT2xWkbDrUFJ2hBG8QaB8WVzn&nvMid=17878891519&catId=50002522,{'출시년도 ': ' 2018년', '에너지효율 ': ' 3등급', '냉방면적 ': ' 22.8㎡', '냉방능력 ': ' 2,800W', '인버터 ': ' 절전인버터', '소비전력 ': ' 0.94kW', '운전모드 ': ' 예약, 절전, 열대야', '스마트기능 ': ' 스마트진단', '공기청정 ': ' 극세필터', '제습 ': ' 강력제습', '에어컨청소 ': ' 자동건조', '토출구 ': ' 상하', '품목 ': ' 벽걸이형에어컨'}
50001421,삼성전자 삼성 AF17T7974WSRS,https://shopping-phinf.pstatic.net/main_2619407/26194078523.20210322160459.jpg?type=f140,26194078523,https://cr.shopping.naver.com/adcr.nhn?x=kuprwY6gdZEdO7zE28lNCf%2F%2F%2Fw%3D%3DsWJokIE4mr6SZmmDxXsgnD5duQUMgP26RVNS%2FWM4PAxWPGPsmDUxmg%2Fat6XugiYqOY3Lk4kJFMCGAqih%2FkHToOiLks7ND2kEnu%2BTo9%2BToSvmON%2F9iXEO%2B8X8aBQcC4f42HinNrx5sg4hc%2Bs%2BwYZL3l6Tq%2FbD2MGowZHhNOyBhpCdisxUYfG18G%2BADCWIl52sYYenI9pa4f3D5y1aQNQqxacrJfwCQLr0%2Fo3dncaLn85vL%2Fowdnq7%2Fmfq67OVRzok0S5SJNLgIdS1XFCtZ5GETGD4Cr7ol1fYOYLHgMKvZera4v8RPzcDFwdbY8ig8CFSPVHyVCE5ZeXWa7A2BTdVCEyv1ybEAOSXWXEKDHkaiGoJ2MnlQgF7pEN2nezvJmOWmRYgXT8U0rr2Dm%2BuxQGAQBpcPZ5cWAtsIT7T7dh00T%2F%2B7A%2F0vSPti8cHY4o2fastwZl%2FHm30K7hYyoPvsdIzkhhzysCuMr42SSkOO5o74v2DfwKpfc2K82WN5n6us%2BC68tV4zIusmbcH7yeHCaaQ6Vm9TZjqEQTAbFzUBl8432wvhVEAf6wwM5tqtSh0bB5Hx&nvMid=26194078523&catId=50002523,{'출시년도 ': ' 2020년', '에너지효율 ': ' 4등급', '냉방면적 ': ' 56.9㎡+18.7㎡', '냉방능력 ': ' 7000W', '인버터 ': ' 초절전디지털인버터', '소비전력 ': ' 2.05kW', '사용량표시 ': ' 1회사용전력량, 전력량, 목표전력량설정', '운전모드 ': ' 예약, 절전, 열대야쾌면, 정음, 무풍열대야쾌면, 타이머, 무풍지능냉방', '바람방향 ': ' 상하, 좌우', '풍량조절 ': ' 가능', '냉방 ': ' 강력냉방, 자동, 냉방, 인공지능, 풍량조절, 와이드바람, 하이패스회오리(팬2개), 무풍냉방, 회오리바람, 하이패스회오리팬', '스마트기능 ': ' Wi-Fi 내장, 휘센앱, 스마트진단, 스마트폰제어, 음성인식리모컨, 인공지능리모컨', '인공지능 ': ' 쾌적, 진단, 패턴학습, 가능', '부가기능 ': ' 리모컨, 자가진단, wifi내장', '공기청정 ': ' PM1.0필터, 극세필터, 탈취필터, 무풍청정', '공기청정인증 ': ' CAC인증', '제습 ': ' 가능', '습도 ': ' 습도센서', '절전 ': ' 초절전', '에어컨청소 ': ' 자동청소건조, 이지케어 3단계', '필터청소 ': ' 필터청소알림, 필터청소가이드', '멀티스타일 ': ' 2in1', '스타일 ': ' 무풍와이드', '품목 ': ' 멀티형에어컨(2in1)'}
50001421,삼성전자 삼성 AR06M1130HZ,https://shopping-phinf.pstatic.net/main_1116979/11169795789.20190222111847.jpg?type=f140,11169795789,https://cr.shopping.naver.com/adcr.nhn?x=kqC4ig81iEOGMuFuGPQYAP%2F%2F%2Fw%3D%3DsBFkVnD1mpWmv0%2FOaFVIkdlRL6%2F6p1m5C2LKVc88J7u4j2kSRViD6VUEE2wKBN3YLUAjKNp4HLxuNfnlHNglDgexc2Zi97mv%2F%2BwhGEH3u92EBYxJm5UOvPluOy%2B6%2BcVePRsCh5GS%2BklokEzA%2FJ0VszxCGSQdcrj%2BZJHLmJxgT%2FbuJ5AtwRbhB0plrE18jYfdnhsEb5MCP7NCqtS2I9NAVQTNlPg2DZ5aJ4gUaYtQeUr5VXemfpmeX70wC2wQT5nyi5pxiwDZPU40LYzhHX%2FcRv0xxNsDyeBdf3BUq%2FhMYF5Nsm2tM1A5LcSrrZBfSW2aJOZ8jgNJ7sNnyOMu76N9PlVw2RrSZG0rQM0H%2BYwUp0AyBKg9xqz5%2F%2BK%2BoXwRtQVLw2UgMu%2BPHsGotggkFSTOFLJCpmgb7S1kF1CoBhGW%2BMnzvVXP147EVkv34%2BWCJ%2FHNHVOYhFlTU0Yhj1ORkiAPZJfUC85KcGkX70SW9jRTWoj2l4tuT6vuveoz1A%2Fc1NoV0sBXCVehGOwSTNNDlqj7pMscgIRCk8vtGb7Z%2FKGMSEdE%3D&nvMid=11169795789&catId=50002522,{'출시년도 ': ' 2017년', '에너지효율 ': ' 5등급', '냉방면적 ': ' 18.7㎡', '냉방능력 ': ' 2,300W', '소비전력 ': ' 0.66kW', '운전모드 ': ' 예약, 스피드, 열대야, 열대야쾌면', '바람방향 ': ' 상하', '자동풍향 ': ' 상하바람', '제습 ': ' 강력제습', '에어컨청소 ': ' 자동청소건조', '토출구 ': ' 상하', '디스플레이 ': ' 88LED디스플레이', '품목 ': ' 벽걸이형에어컨'}
50001421,삼성전자 무풍슬림 AF18R5773WZK,https://shopping-phinf.pstatic.net/main_1817540/18175409908.20190516160827.jpg?type=f140,18175409908,https://cr.shopping.naver.com/adcr.nhn?x=UmW1kCAgLT%2BAQ4aNo3Gklf%2F%2F%2Fw%3D%3Dsws7KrbNbtIW1BkW9fX4StCT0uJ5RRrIwYzEAlJ7uOxj4fGvM%2BAbpKXMn%2Ff9N8bQ1QaxblZ0uYkdRjlTlmTtT6htPunYPWGnsbqsPkCeLbE9JjZd83vAlnHJ4HtBZJWyU2h%2FqNbmMd3P9tE5jamCbKQuIB8ncdehaYvLTVmrbJlGKCqD3rKfyt339FADUQ1wDjq0IoFFUPeSXCNVEmhl3FjPDpGIrabitp2up06DaRfi54J8UO7LDGXdPU9Do8oyMQnQVV1hBbjmfKy8hwM3DJeNjvGyOGnsWMVYIvx93YnaQlKoTW7oBR5S4e5%2FFeRPiRNrllR5RyEH7Mcwv2pj6uC9z9iK9uX56h0wbm5Z7l7AulMSXmodDptJZCDmbU%2FWSJ6VQz2yFJCe%2FfgxRmGnJWNIsE7AToejHPW57PKhZc4vVotE969CGTyRY5sofgJHS0LOY102BYBlhUqcnEH1cA4ECg4s26r9QCRqFpEKy2dM0CWYJZ5wutO9eO4UE05Ztjq%2BcnBjRieIA4fDVgEctzs2OqH9l6YII5ugOGfB4CYY%3D&nvMid=18175409908&catId=50002521,{'출시년도 ': ' 2019년', '에너지효율 ': ' 4등급', '냉방면적 ': ' 58.5㎡', '냉방능력 ': ' 7.20kW', '인버터 ': ' 초절전디지털인버터', '소비전력 ': ' 2.20kW', '사용량표시 ': ' 1회사용전력량, 누적사용전력량, 목표전력량설정', '운전모드 ': ' 예약, 열대야쾌면, 정음, 무풍열대야쾌면', '바람방향 ': ' 좌우', '풍량조절 ': ' 가능', '냉방 ': ' 인공지능, 무풍냉방', '스마트기능 ': ' Wi-Fi 내장, 스마트인스톨, 스마트폰제어, 음성안내, 인공지능리모컨', '인공지능 ': ' 쾌적', '부가기능 ': ' 리모컨, 자가진단, wifi내장', '공기청정 ': ' 극세필터', '제습 ': ' 가능', '습도 ': ' 습도센서', '에어컨청소 ': ' 자동건조, 자동청소건조', '필터청소 ': ' 필터청소알림, 필터청소가이드', '토출구 ': ' 센터', '디스플레이 ': ' LED디스플레이', '품목 ': ' 스탠드형에어컨'}
50001421,LG전자 휘센 FQ18VAKWU2,https://shopping-phinf.pstatic.net/main_2288805/22888057426.20200518150837.jpg?type=f140,22888057426,https://cr.shopping.naver.com/adcr.nhn?x=5cIIQa7lX%2BNU5%2FEgxk16f%2F%2F%2F%2Fw%3D%3DskrUzzUgr66lzE50nw7C%2B0GQ4M0fm2za%2BwMp055rmFAh6KJw3t1ODspaSJdVVWVPMCTBRzpz8Ac416OKOEniy3Oxc2Zi97mv%2F%2BwhGEH3u92EBYxJm5UOvPluOy%2B6%2BcVePRsCh5GS%2BklokEzA%2FJ0VszxCGSQdcrj%2BZJHLmJxgT%2Fbuq9e2829suEwspJYxwjaf%2F0diFkXtBHx0JLrYpvj%2B%2BMzNlPg2DZ5aJ4gUaYtQeUr5VXemfpmeX70wC2wQT5nyi5pxiwDZPU40LYzhHX%2FcRv%2Bvw01R98f6kTKblXld5GN8zprYAxiyaa9Jw5Uf%2B15h5OZ8jgNJ7sNnyOMu76N9PlX2nX9NYrW3rCHRxtkAq%2Bebmg4R55zGzOEDS0mS0JAqx7Q6ctrhb3WS41ezjSyJrWE7486b%2FzMWy9Vtys%2FD9kXwiVQKA2VrHQNNRHQp1x%2F%2BuYcWBY%2BB0%2BN1D4%2BEhBS5hMvUC85KcGkX70SW9jRTWoj05mkH6X9rP7TLkhtrFHTDbUQtIs8YvzTL3a2d7Ybb2rscgIRCk8vtGb7Z%2FKGMSEdE%3D&nvMid=22888057426&catId=50002523,{'출시년도 ': ' 2020년', '에너지효율 ': ' 4등급', '냉방면적 ': ' 58.5㎡+22.8㎡', '냉방능력 ': ' 7200w', '소비전력 ': ' 2.2kW', '사용량표시 ': ' 전력량', '운전모드 ': ' 예약, 절전, 열대야, 정음, 스마트케어', '냉방 ': ' 쾌속, 인공지능, 아이스쿨파워, 포커스바람', '스마트기능 ': ' Wi-Fi 내장, 휘센앱, 스마트진단', '인공지능 ': ' 쾌적, 상황학습, 패턴학습', '부가기능 ': ' wifi내장', '공기청정 ': ' 극세필터', '제습 ': ' 강력,절전', '습도 ': ' 습도센서', '에어컨청소 ': ' 자동건조', '멀티스타일 ': ' 2in1', '디스플레이 ': ' LED디스플레이', '품목 ': ' 멀티형에어컨(2in1)'}
